{
    "cash": 99594.14001464844,
    "stocks": {
        "AAPL": {
            "qty": 2,
            "avg_price": 202.92999267578125,
            "buy_date": "2025-08-06 11:01:31"
        }
    },
    "initial_cash": 100000.0,
    "closed_trades": []
}